{
    "page": "about",
    "source": {
        "location": "home",
        "result": ""
    },
    "templates": [

        {
            "type": "welcome",
            "value": "About Retro Terminal"
        },
        {
            "type": "note",
            "value": "Lorem ipsum dolor sit amet, \n\nid eos quot sanctus, no per munere quaerendum deterruisset, eu stet audire postulant mei. At qui legere accommodare, eu probo antiopam mei, magna lorem ullum ius ad. Sit et eros quando audire, numquam commune ex mei. Tantas voluptatum dissentias ei nec, in mei movet partem.  Ius ea quot summo eloquentiam. Vel id maiestatis percipitur, etiam mucius interesset sit et. Summo scribentur duo eu, eum in movet referrentur. Usu ad dolorem incorrupte, eros ullum repudiare at his. Vel eu idque labores, id sed tollit epicuri, per fabulas temporibus adversarium te. Ei impetus salutandi scribentur nec, ea soluta graeci invidunt pri. \n\nEt noluisse interesset concludaturque mel, sit facilis intellegat ea, ex est clita commodo inimicus. Duo te munere fuisset appareat, usu dolor definitionem id. Et alia vituperatoribus nam, eum brute facilisi voluptatibus cu. Sea no odio sale mollis, per discere constituto ad. \n\nAn usu dictas officiis. Aperiri laoreet assentior nam ne, vix etiam dicit laboramus in, et eripuit pertinax reprehendunt nec. Ne tempor copiosae complectitur sed, sed ne mutat solet. Nec tale suas erat et. Te feugait atomorum tincidunt pro, mei at oblique eripuit.\n\nLorem ipsum dolor sit amet, id eos quot sanctus, no per munere quaerendum deterruisset, eu stet audire postulant mei. At qui legere accommodare, eu probo antiopam mei, magna lorem ullum ius ad. \n\nSit et eros quando audire, numquam commune ex mei. Tantas voluptatum dissentias ei nec, in mei movet partem. Ius ea quot summo eloquentiam.  Vel id maiestatis percipitur, etiam mucius interesset sit et. Summo scribentur duo eu, eum in movet referrentur. Usu ad dolorem incorrupte, eros ullum repudiare at his. Vel eu idque labores, id sed tollit epicuri, per fabulas temporibus adversarium te. Ei impetus salutandi scribentur nec, ea soluta graeci invidunt pri. \n\nEt noluisse interesset concludaturque mel, sit facilis intellegat ea, ex est clita commodo inimicus. Duo te munere fuisset appareat, usu dolor definitionem id. Et alia vituperatoribus nam, eum brute facilisi voluptatibus cu. Sea no odio sale mollis, per discere constituto ad. \n\nAn usu dictas officiis. Aperiri laoreet assentior nam ne, vix etiam dicit laboramus in, et eripuit pertinax reprehendunt nec. Ne tempor copiosae complectitur sed, sed ne mutat solet. Nec tale suas erat et. Te feugait atomorum tincidunt pro, mei at oblique eripuit."
        }
    ]
}
