{
    "page": "difficulty",
    "source": {
        "location": "settings",
        "result": ""
    },
    "templates": [

        {
            "type": "welcome",
            "value": "Change the difficulty of Retro Terminal"
        },
        {
            "type": "menu",
            "value": [
                {
                    "name": "none",
                    "label": "None",
                    "action": "setDifficulty",
                    "value": "0",
                    "result": "Difficulty turned off..."
                },
                {
                    "name": "veryeasy",
                    "label": "Very Easy",
                    "action": "setDifficulty",
                    "value": "1",
                    "result": "Difficulty set to very easy..."
                },
                {
                    "name": "easy",
                    "label": "Easy",
                    "action": "setDifficulty",
                    "value": "2",
                    "result": "Difficulty set to easy..."
                },
                {
                    "name": "average",
                    "label": "Average",
                    "action": "setDifficulty",
                    "value": "3",
                    "result": "Difficulty set to average..."
                },
                {
                    "name": "hard",
                    "label": "Hard",
                    "action": "setDifficulty",
                    "value": "4",
                    "result": "Difficulty set to hard..."
                },
                {
                    "name": "veryhard",
                    "label": "Very Hard",
                    "action": "setDifficulty",
                    "value": "5",
                    "result": "Difficulty set to very hard..."
                }
            ]
        }
    ]
}
