{
    "page": "games",
    "source": {
        "location": "home",
        "result": ""
    },
    "templates": [

        {
            "type": "welcome",
            "value": "That's right! Retro Terminal has games!"
        },
        {
            "type": "menu",
            "value": [
                {
                    "name": "fallout",
                    "label": "Fallout",
                    "action": "playFallout",
                    "result": "Fallout coming soon"
                },
                {
                    "name": "reign-of-grelok-menu",
                    "label": "Reign of Grelok Menu",
                    "location": "reign-of-grelok-menu",
                    "result": ""
                },
                {
                    "name": "reign-of-grelok-note",
                    "label": "Reign of Grelok Note",
                    "location": "reign-of-grelok-note",
                    "result": ""
                }
            ]
        }
    ]
}
